Date,close
2005/1/4,960.7908
2005/1/5,955.9027
2005/1/6,963.3346
2005/1/7,966.8446
2005/1/10,963.8109
2005/1/11,968.6159
2005/1/12,973.5924
2005/1/13,972.5684
2005/1/14,971.7379
2005/1/17,971.4223
2005/1/18,972.2853
2005/1/19,974.5607
2005/1/20,972.9558
2005/1/21,976.6207
2005/1/24,982.8943
2005/1/25,977.0959
2005/1/26,972.8402
2005/1/27,976.4125
2005/1/28,973.6026
2005/1/31,969.3167
2005/2/1,972.5503
2005/2/2,970.4414
2005/2/3,967.9827
2005/2/4,971.3676
2005/2/16,984.0286
2005/2/17,984.1084
2005/2/18,992.0479
2005/2/21,997.2945
2005/2/22,1009.2401
2005/2/23,1009.1512
2005/2/24,1021.0068
2005/2/25,1011.5521
2005/2/28,1036.3447
2005/3/1,1033.0788
2005/3/2,1041.6656
2005/3/3,1038.8877
2005/3/4,1033.5383
2005/3/7,1040.8474
2005/3/8,1036.6335
2005/3/9,1046.7134
2005/3/10,1049.8976
2005/3/11,1049.5763
2005/3/14,1061.6107
2005/3/15,1075.0488
2005/3/16,1099.3909
2005/3/17,1096.8296
2005/3/18,1073.5088
2005/3/21,1067.8559
2005/3/22,1058.4809
2005/3/23,1047.1897
2005/3/24,1054.8445
2005/3/25,1062.2822
2005/3/28,1059.1126
2005/3/29,1064.4957
2005/3/30,1061.1013
2005/3/31,1074.8704
2005/4/1,1066.4825
2005/4/4,1060.3506
2005/4/5,1058.9603
2005/4/6,1065.6212
2005/4/7,1074.1811
2005/4/8,1061.8339
2005/4/11,1059.4773
2005/4/12,1064.2836
2005/4/13,1051.5981
2005/4/14,1042.7027
2005/4/15,1043.5845
2005/4/18,1043.064
2005/4/19,1055.2476
2005/4/20,1072.7683
2005/4/21,1052.2996
2005/4/22,1060.8383
2005/4/25,1059.9623
2005/4/26,1058.6986
2005/4/27,1054.3205
2005/4/28,1057.1141
2005/4/29,1055.436
2005/5/9,1061.5078
2005/5/10,1062.2495
2005/5/11,1058.1852
2005/5/12,1054.7821
2005/5/13,1039.2212
2005/5/16,1043.3155
2005/5/17,1038.7683
2005/5/18,1045.8009
2005/5/19,1044.193
2005/5/20,1044.6946
2005/5/23,1052.7497
2005/5/24,1050.6483
2005/5/25,1051.8388
2005/5/26,1064.018
2005/5/27,1070.8816
2005/5/30,1070.2428
2005/5/31,1069.5575
2005/6/1,1063.6001
2005/6/2,1071.9266
2005/6/3,1073.6704
2005/6/6,1102.9322
2005/6/7,1095.987
2005/6/8,1089.5789
2005/6/9,1089.5089
2005/6/10,1097.589
2005/6/13,1098.7831
2005/6/14,1093.097
2005/6/15,1098.0633
2005/6/16,1100.6613
2005/6/17,1105.5852
2005/6/20,1124.2877
2005/6/21,1116.3434
2005/6/22,1122.0144
2005/6/23,1108.9189
2005/6/24,1117.7353
2005/6/27,1115.0136
2005/6/28,1097.2675
2005/6/29,1091.2774
2005/6/30,1087.6409
2005/7/1,1093.736
2005/7/4,1096.8694
2005/7/5,1097.6631
2005/7/6,1104.3386
2005/7/7,1109.8522
2005/7/8,1110.9447
2005/7/11,1112.0394
2005/7/12,1119.2275
2005/7/13,1106.9429
2005/7/14,1112.9165
2005/7/15,1112.4778
2005/7/18,1109.939
2005/7/19,1108.6848
2005/7/20,1097.0895
2005/7/21,1101.0831
2005/7/22,1094.4829
2005/7/25,1103.7344
2005/7/26,1107.6057
2005/7/27,1103.0736
2005/7/28,1107.8285
2005/7/29,1105.578
2005/8/1,1095.2183
2005/8/2,1099.9368
2005/8/3,1100.3683
2005/8/4,1089.7229
2005/8/5,1091.9923
2005/8/8,1086.6077
2005/8/9,1083.9377
2005/8/10,1070.263
2005/8/11,1079.7205
2005/8/12,1077.3987
2005/8/15,1076.2955
2005/8/16,1074.0532
2005/8/17,1069.8389
2005/8/18,1069.7217
2005/8/19,1065.1976
2005/8/22,1077.7953
2005/8/23,1083.5573
2005/8/24,1080.3012
2005/8/25,1081.0112
2005/8/26,1073.683
2005/8/29,1085.385
2005/8/30,1083.9673
2005/8/31,1093.8621
2005/9/1,1087.9905
2005/9/2,1095.7538
2005/9/5,1100.3737
2005/9/6,1100.4669
2005/9/7,1097.3607
2005/9/8,1100.3225
2005/9/9,1096.3378
2005/9/12,1086.2684
2005/9/13,1084.9243
2005/9/14,1083.8431
2005/9/15,1081.6868
2005/9/16,1077.3926
2005/9/19,1077.2044
2005/9/20,1084.041
2005/9/21,1086.8724
2005/9/22,1095.5331
2005/9/23,1095.0062
2005/9/26,1093.2311
2005/9/27,1095.2844
2005/9/28,1099.6181
2005/9/29,1106.7147
2005/9/30,1103.7411
2005/10/10,1123.553
2005/10/11,1125.2026
2005/10/12,1132.103
2005/10/13,1135.6723
2005/10/14,1129.6629
2005/10/17,1137.4524
2005/10/18,1139.5241
2005/10/19,1131.5679
2005/10/20,1132.618
2005/10/21,1115.8031
2005/10/24,1121.6539
2005/10/25,1116.2926
2005/10/26,1116.458
2005/10/27,1112.7322
2005/10/28,1112.9156
2005/10/31,1108.3012
2005/11/1,1116.5354
2005/11/2,1115.8226
2005/11/3,1116.9273
2005/11/4,1118.2534
2005/11/7,1110.9391
2005/11/8,1110.2144
2005/11/9,1104.0454
2005/11/10,1106.8168
2005/11/11,1112.1862
2005/11/14,1115.4924
2005/11/15,1113.6891
2005/11/16,1113.5696
2005/11/17,1109.9116
2005/11/18,1102.1426
2005/11/21,1102.1674
2005/11/22,1104.9824
2005/11/23,1091.6368
2005/11/24,1091.2416
2005/11/25,1095.7082
2005/11/28,1076.2544
2005/11/29,1078.0268
2005/11/30,1088.2093
2005/12/1,1087.3426
2005/12/2,1099.4798
2005/12/5,1105.7988
2005/12/6,1111.2331
2005/12/7,1111.1714
2005/12/8,1115.1698
2005/12/9,1126.5005
2005/12/12,1145.7099
2005/12/13,1137.6471
2005/12/14,1147.3958
2005/12/15,1139.3101
2005/12/16,1143.4746
2005/12/19,1152.4484
2005/12/20,1154.3631
2005/12/21,1149.7227
2005/12/22,1163.4914
2005/12/23,1165.7215
2005/12/26,1176.6086
2005/12/27,1175.0176
2005/12/28,1174.4707
2005/12/29,1168.1141
2005/12/30,1167.0793
2006/1/4,1191.1024
2006/1/5,1193.2653
2006/1/6,1197.8082
2006/1/9,1194.9653
2006/1/10,1198.5312
2006/1/11,1194.8152
2006/1/12,1193.3179
2006/1/13,1192.3687
2006/1/16,1208.1026
2006/1/17,1203.4341
2006/1/18,1184.8447
2006/1/19,1198.3738
2006/1/20,1197.7529
2006/1/23,1203.9016
2006/1/24,1205.7268
2006/1/25,1216.8452
2006/2/6,1269.9095
2006/2/7,1288.6265
2006/2/8,1246.4548
2006/2/9,1263.2033
2006/2/10,1258.4792
2006/2/13,1241.2275
2006/2/14,1238.8941
2006/2/15,1244.0317
2006/2/16,1225.6433
2006/2/17,1224.0096
2006/2/20,1228.2573
2006/2/21,1231.5461
2006/2/22,1227.6749
2006/2/23,1214.6746
2006/2/24,1222.8036
2006/2/27,1207.0896
2006/2/28,1205.4962
2006/3/1,1205.5301
2006/3/2,1217.1136
2006/3/3,1227.5631
2006/3/6,1222.25
2006/3/7,1218.4781
2006/3/8,1209.8543
2006/3/9,1213.9914
2006/3/10,1201.521
2006/3/13,1206.1749
2006/3/14,1205.1553
2006/3/15,1206.1438
2006/3/16,1199.8731
2006/3/17,1202.5096
2006/3/20,1217.7642
2006/3/21,1213.0237
2006/3/22,1212.263
2006/3/23,1214.0312
2006/3/24,1218.6092
2006/3/27,1224.3281
2006/3/28,1222.5435
2006/3/29,1219.105
2006/3/30,1223.1043
2006/3/31,1231.0067
2006/4/3,1221.3594
2006/4/4,1229.9243
2006/4/5,1226.2874
2006/4/6,1237.0835
2006/4/7,1238.5757
2006/4/10,1239.0117
2006/4/11,1246.6638
2006/4/12,1249.1771
2006/4/13,1250.4091
2006/4/14,1261.9576
2006/4/17,1282.523
2006/4/18,1277.6093
2006/4/19,1293.4308
2006/4/20,1291.3277
2006/4/21,1270.1373
2006/4/24,1296.5103
2006/4/25,1300.1882
2006/4/26,1312.0719
2006/4/27,1328.4951
2006/4/28,1323.2914
2006/5/8,1341.7651
2006/5/9,1368.5529
2006/5/10,1391.262
2006/5/11,1422.9343
2006/5/12,1435.8059
2006/5/15,1453.5277
2006/5/16,1410.6412
2006/5/17,1427.9477
2006/5/18,1407.0853
2006/5/19,1397.3776
2006/5/22,1372.1128
2006/5/23,1373.112
2006/5/24,1396.171
2006/5/25,1390.4306
2006/5/26,1400.051
2006/5/29,1419.396
2006/5/30,1417.1223
2006/5/31,1392.46
2006/6/1,1360.2602
2006/6/2,1368.5201
2006/6/5,1391.8608
2006/6/6,1373.514
2006/6/7,1363.1579
2006/6/8,1361.7507
2006/6/9,1347.4659
2006/6/12,1337.0095
2006/6/13,1304.8224
2006/6/14,1280.1044
2006/6/15,1286.4505
2006/6/16,1294.8577
2006/6/19,1274.3985
2006/6/20,1277.0019
2006/6/21,1281.5759
2006/6/22,1297.6418
2006/6/23,1277.4198
2006/6/26,1273.4052
2006/6/27,1288.1272
2006/6/28,1273.862
2006/6/29,1275.5866
2006/6/30,1300.9633
2006/7/3,1318.8872
2006/7/4,1312.9176
2006/7/5,1312.7156
2006/7/6,1307.017
2006/7/7,1325.7378
2006/7/10,1314.2369
2006/7/11,1324.8141
2006/7/12,1330.9879
2006/7/13,1316.673
2006/7/14,1312.1795
2006/7/17,1316.2843
2006/7/18,1295.2765
2006/7/19,1277.6029
2006/7/20,1279.1432
2006/7/21,1263.7318
2006/7/24,1257.2478
2006/7/25,1264.2444
2006/7/26,1251.5616
2006/7/27,1254.7176
2006/7/28,1255.9161
2006/7/31,1277.9365
2006/8/1,1274.0483
2006/8/2,1274.5554
2006/8/3,1283.6412
2006/8/4,1274.4843
2006/8/7,1274.1323
2006/8/8,1264.4372
2006/8/9,1261.551
2006/8/10,1277.5011
2006/8/11,1273.0614
2006/8/14,1249.9014
2006/8/15,1248.3086
2006/8/16,1248.7864
2006/8/17,1251.1296
2006/8/18,1250.9637
2006/8/21,1249.2896
2006/8/22,1252.4428
2006/8/23,1250.3276
2006/8/24,1248.5435
2006/8/25,1245.8614
2006/8/28,1242.2484
2006/8/29,1233.9995
2006/8/30,1226.0893
2006/8/31,1228.8164
2006/9/1,1244.3989
2006/9/4,1235.6885
2006/9/5,1234.7818
2006/9/6,1251.2663
2006/9/7,1246.2172
2006/9/8,1244.701
2006/9/11,1229.398
2006/9/12,1229.4548
2006/9/13,1225.1836
2006/9/14,1242.0152
2006/9/15,1230.6889
2006/9/18,1241.5349
2006/9/19,1240.282
2006/9/20,1224.9649
2006/9/21,1224.9196
2006/9/22,1230.4095
2006/9/25,1217.407
2006/9/26,1220.772
2006/9/27,1228.3349
2006/9/28,1228.522
2006/9/29,1237.5297
2006/10/9,1239.7363
2006/10/10,1243.8458
2006/10/11,1233.865
2006/10/12,1238.4357
2006/10/13,1244.0035
2006/10/16,1253.7193
2006/10/17,1272.7408
2006/10/18,1256.7673
2006/10/19,1264.7098
2006/10/20,1265.0812
2006/10/23,1263.5957
2006/10/24,1257.986
2006/10/25,1260.3891
2006/10/26,1264.7253
2006/10/27,1263.0258
2006/10/30,1259.1092
2006/10/31,1239.5126
2006/11/1,1243.3515
2006/11/2,1241.7829
2006/11/3,1237.9412
2006/11/6,1249.1181
2006/11/7,1253.3445
2006/11/8,1253.9877
2006/11/9,1249.4955
2006/11/10,1252.0576
2006/11/13,1244.6779
2006/11/14,1227.932
2006/11/15,1226.9517
2006/11/16,1240.3074
2006/11/17,1225.2266
2006/11/20,1235.8344
2006/11/21,1227.1374
2006/11/22,1242.8432
2006/11/23,1236.9832
2006/11/24,1243.7308
2006/11/27,1263.0106
2006/11/28,1255.8326
2006/11/29,1241.1358
2006/11/30,1247.9219
2006/12/1,1236.9011
2006/12/4,1237.3507
2006/12/5,1231.6088
2006/12/6,1230.9189
2006/12/7,1229.3357
2006/12/8,1234.0245
2006/12/11,1234.8841
2006/12/12,1240.5995
2006/12/13,1233.2585
2006/12/14,1235.615
2006/12/15,1234.855
2006/12/18,1232.6776
2006/12/19,1230.2109
2006/12/20,1235.9695
2006/12/21,1233.6089
2006/12/22,1230.216
2006/12/25,1240.9319
2006/12/26,1246.5203
2006/12/27,1241.9567
2006/12/28,1249.8073
2006/12/29,1247.2167
2007/1/4,1205.2846
2007/1/5,1192.4381
2007/1/8,1180.6854
2007/1/9,1187.4564
2007/1/10,1199.6635
2007/1/11,1199.9795
2007/1/12,1190.4842
2007/1/15,1219.1111
2007/1/16,1198.7902
2007/1/17,1204.3913
2007/1/18,1209.7751
2007/1/19,1187.2115
2007/1/22,1197.6089
2007/1/23,1200.4291
2007/1/24,1210.9623
2007/1/25,1214.829
2007/1/26,1208.5903
2007/1/29,1220.6001
2007/1/30,1201.5735
2007/1/31,1215.4954
2007/2/1,1221.9633
2007/2/2,1216.3515
2007/2/5,1210.2755
2007/2/6,1214.8484
2007/2/7,1223.3657
2007/2/8,1213.239
2007/2/9,1226.1649
2007/2/12,1230.0241
2007/2/13,1222.7376
2007/2/14,1234.949
2007/2/15,1236.6464
2007/2/16,1247.6268
2007/2/26,1277.0554
2007/2/27,1270.5194
2007/2/28,1263.4472
2007/3/1,1260.4698
2007/3/2,1259.6941
2007/3/5,1240.1082
2007/3/6,1255.2225
2007/3/7,1253.1693
2007/3/8,1262.8927
2007/3/9,1254.8
2007/3/12,1256.8479
2007/3/13,1261.396
2007/3/14,1252.5428
2007/3/15,1260.0982
2007/3/16,1266.6019
2007/3/19,1265.1508
2007/3/20,1271.1667
2007/3/21,1266.8224
2007/3/22,1269.8571
2007/3/23,1277.2677
2007/3/26,1276.7697
2007/3/27,1277.6429
2007/3/28,1278.7242
2007/3/29,1277.5175
2007/3/30,1295.3718
2007/4/2,1287.2161
2007/4/3,1294.9352
2007/4/4,1301.5359
2007/4/5,1301.5279
2007/4/6,1305.5671
2007/4/9,1325.0271
2007/4/10,1321.2704
2007/4/11,1321.9654
2007/4/12,1326.2398
2007/4/13,1313.1608
2007/4/16,1323.6331
2007/4/17,1314.0407
2007/4/18,1315.6091
2007/4/19,1301.5346
2007/4/20,1299.6435
2007/4/23,1296.9405
2007/4/24,1300.554
2007/4/25,1288.3263
2007/4/26,1300.0672
2007/4/27,1284.5253
2007/4/30,1295.8135
2007/5/8,1301.6372
2007/5/9,1306.7898
2007/5/10,1297.9392
2007/5/11,1282.1516
2007/5/14,1288.9737
2007/5/15,1272.7053
2007/5/16,1287.9339
2007/5/17,1271.3277
2007/5/18,1261.738
2007/5/21,1284.9846
2007/5/22,1282.2648
2007/5/23,1271.6323
2007/5/24,1277.3191
2007/5/25,1268.2814
2007/5/28,1276.6844
2007/5/29,1264.4359
2007/5/30,1252.8719
2007/5/31,1264.56
2007/6/1,1267.8563
2007/6/4,1268.5685
2007/6/5,1283.0633
2007/6/6,1281.8472
2007/6/7,1272.1765
2007/6/8,1261.1958
2007/6/11,1258.6428
2007/6/12,1249.0808
2007/6/13,1243.2761
2007/6/14,1245.2035
2007/6/15,1244.2545
2007/6/18,1259.3035
2007/6/19,1251.9842
2007/6/20,1245.9502
2007/6/21,1248.6949
2007/6/22,1244.4981
2007/6/25,1239.087
2007/6/26,1229.8093
2007/6/27,1214.9291
2007/6/28,1222.8088
2007/6/29,1226.7231
2007/7/2,1238.2767
2007/7/3,1247.6603
2007/7/4,1238.9638
2007/7/5,1242.9072
2007/7/6,1240.4579
2007/7/9,1244.0647
2007/7/10,1238.0532
2007/7/11,1236.9598
2007/7/12,1245.3796
2007/7/13,1240.5191
2007/7/16,1244.2144
2007/7/17,1236.0068
2007/7/18,1235.2302
2007/7/19,1239.8388
2007/7/20,1258.5329
2007/7/23,1261.3081
2007/7/24,1250.4666
2007/7/25,1251.3095
2007/7/26,1261.0619
2007/7/27,1252.8828
2007/7/30,1268.2718
2007/7/31,1280.2151
2007/8/1,1270.1532
2007/8/2,1276.5766
2007/8/3,1284.1432
2007/8/6,1279.6491
2007/8/7,1270.9677
2007/8/8,1273.2896
2007/8/9,1281.9143
2007/8/10,1274.483
2007/8/13,1284.1698
2007/8/14,1281.7146
2007/8/15,1273.1962
2007/8/16,1260.842
2007/8/17,1233.7142
2007/8/20,1254.7542
2007/8/21,1256.6564
2007/8/22,1254.8227
2007/8/23,1268.4289
2007/8/24,1262.8185
2007/8/27,1266.9839
2007/8/28,1271.6868
2007/8/29,1266.9581
2007/8/30,1282.1158
2007/8/31,1293.9942
2007/9/3,1292.9074
2007/9/4,1291.0619
2007/9/5,1294.5453
2007/9/6,1296.1066
2007/9/7,1297.8145
2007/9/10,1302.552
2007/9/11,1306.3348
2007/9/12,1314.275
2007/9/13,1314.6667
2007/9/14,1316.5368
2007/9/17,1332.5651
2007/9/18,1341.4993
2007/9/19,1335.3351
2007/9/20,1334.9778
2007/9/21,1334.2098
2007/9/24,1335.8425
2007/9/25,1338.4332
2007/9/26,1341.2929
2007/9/27,1342.8793
2007/9/28,1348.7458
2007/10/8,1341.3284
2007/10/9,1342.2694
2007/10/10,1356.4257
2007/10/11,1357.4827
2007/10/12,1359.0867
2007/10/15,1371.0417
2007/10/16,1376.8926
2007/10/17,1364.5843
2007/10/18,1367.2649
2007/10/19,1368.8984
2007/10/22,1348.3443
2007/10/23,1355.6419
2007/10/24,1347.8274
2007/10/25,1340.9163
2007/10/26,1361.6452
2007/10/29,1386.5479
2007/10/30,1371.8498
2007/10/31,1365.6367
2007/11/1,1371.7179
2007/11/2,1361.7313
2007/11/5,1363.7708
2007/11/6,1375.849
2007/11/7,1382.3809
2007/11/8,1373.9719
2007/11/9,1377.8191
2007/11/12,1357.3406
2007/11/13,1353.607
2007/11/14,1359.4868
2007/11/15,1353.1368
2007/11/16,1337.5301
2007/11/19,1337.223
2007/11/20,1312.4764
2007/11/21,1312.1226
2007/11/22,1328.4338
2007/11/23,1343.1461
2007/11/26,1343.9192
2007/11/27,1335.3838
2007/11/28,1327.1443
2007/11/29,1339.5811
2007/11/30,1330.9645
2007/12/3,1327.2829
2007/12/4,1322.3753
2007/12/5,1331.5347
2007/12/6,1317.4321
2007/12/7,1330.567
2007/12/10,1340.5235
2007/12/11,1343.7178
2007/12/12,1327.2566
2007/12/13,1339.3702
2007/12/14,1339.1345
2007/12/17,1345.0644
2007/12/18,1329.3626
2007/12/19,1336.3183
2007/12/20,1343.9908
2007/12/21,1352.6197
2007/12/24,1369.3453
2007/12/25,1362.0595
2007/12/26,1377.7269
2007/12/27,1364.9873
2007/12/28,1362.77
2008/1/2,1358.5546
2008/1/3,1368.5729
2008/1/4,1386.937
2008/1/7,1379.6143
2008/1/8,1379.8762
2008/1/9,1391.8077
2008/1/10,1384.3836
2008/1/11,1395.8232
2008/1/14,1401.3647
2008/1/15,1388.7303
2008/1/16,1363.8139
2008/1/17,1371.7346
2008/1/18,1354.8283
2008/1/21,1357.0038
2008/1/22,1324.9576
2008/1/23,1337.1824
2008/1/24,1340.665
2008/1/25,1354.077
2008/1/28,1348.8307
2008/1/29,1364.6921
2008/1/30,1363.0413
2008/1/31,1367.3631
2008/2/1,1377.3404
2008/2/4,1384.9619
2008/2/5,1392.2433
2008/2/13,1402.5703
2008/2/14,1419.0687
2008/2/15,1425.3173
2008/2/18,1453.5195
2008/2/19,1456.7458
2008/2/20,1455.9492
2008/2/21,1479.4158
2008/2/22,1473.5217
2008/2/25,1489.7566
2008/2/26,1463.1318
2008/2/27,1475.046
2008/2/28,1480.2003
2008/2/29,1496.8485
2008/3/3,1531.4733
2008/3/4,1510.6094
2008/3/5,1489.0299
2008/3/6,1500.0276
2008/3/7,1479.5138
2008/3/10,1456.5729
2008/3/11,1463.7262
2008/3/12,1428.6144
2008/3/13,1436.2576
2008/3/14,1443.1298
2008/3/17,1427.7311
2008/3/18,1382.3584
2008/3/19,1385.542
2008/3/20,1361.3344
2008/3/21,1367.3367
2008/3/24,1370.2398
2008/3/25,1389.3063
2008/3/26,1388.3169
2008/3/27,1385.6623
2008/3/28,1381.5123
2008/3/31,1385.5401
2008/4/1,1340.5066
2008/4/2,1347.7199
2008/4/3,1355.6213
2008/4/7,1371.0058
2008/4/8,1354.9401
2008/4/9,1360.0478
2008/4/10,1367.4936
2008/4/11,1359.3258
2008/4/14,1370.6908
2008/4/15,1381.3677
2008/4/16,1380.3119
2008/4/17,1380.6822
2008/4/18,1378.722
2008/4/21,1358.7281
2008/4/22,1354.5384
2008/4/23,1368.2405
2008/4/24,1371.7114
2008/4/25,1359.8193
2008/4/28,1381.0618
2008/4/29,1369.7281
2008/4/30,1370.0616
2008/5/5,1376.5683
2008/5/6,1390.4567
2008/5/7,1380.7005
2008/5/8,1386.5074
2008/5/9,1384.3677
2008/5/12,1402.9657
2008/5/13,1404.7424
2008/5/14,1406.5036
2008/5/15,1400.8802
2008/5/16,1415.8423
2008/5/19,1405.1916
2008/5/20,1404.9322
2008/5/21,1392.9037
2008/5/22,1406.0431
2008/5/23,1405.6635
2008/5/26,1423.149
2008/5/27,1427.1449
2008/5/28,1422.3604
2008/5/29,1413.8569
2008/5/30,1393.3377
2008/6/2,1390.0818
2008/6/3,1403.2491
2008/6/4,1390.9942
2008/6/5,1399.8131
2008/6/6,1416.8457
2008/6/10,1423.0021
2008/6/11,1430.6178
2008/6/12,1436.3235
2008/6/13,1441.274
2008/6/16,1455.917
2008/6/17,1454.1797
2008/6/18,1461.9278
2008/6/19,1465.3054
2008/6/20,1456.3463
2008/6/23,1463.6023
2008/6/24,1451.4721
2008/6/25,1461.8746
2008/6/26,1458.4234
2008/6/27,1467.796
2008/6/30,1473.9516
2008/7/1,1472.6816
2008/7/2,1484.1054
2008/7/3,1464.0191
2008/7/4,1463.5709
2008/7/7,1456.0406
2008/7/8,1440.9044
2008/7/9,1434.638
2008/7/10,1432.8401
2008/7/11,1461.7718
2008/7/14,1452.8206
2008/7/15,1449.6231
2008/7/16,1436.688
2008/7/17,1440.5294
2008/7/18,1430.3193
2008/7/21,1414.2815
2008/7/22,1412.6402
2008/7/23,1396.0965
2008/7/24,1400.5793
2008/7/25,1401.9183
2008/7/28,1406.6161
2008/7/29,1394.3816
2008/7/30,1397.5712
2008/7/31,1405.1536
2008/8/1,1386.5626
2008/8/4,1364.2478
2008/8/5,1323.1757
2008/8/6,1334.3
2008/8/7,1333.4823
2008/8/8,1320.9327
2008/8/11,1285.1474
2008/8/12,1287.91
2008/8/13,1312.0524
2008/8/14,1314.0704
2008/8/15,1277.9279
2008/8/18,1313.1046
2008/8/19,1293.5501
2008/8/20,1319.0108
2008/8/21,1329.2136
2008/8/22,1339.8214
2008/8/25,1338.8501
2008/8/26,1320.319
2008/8/27,1338.8923
2008/8/28,1334.2408
2008/8/29,1333.2001
2008/9/1,1333.8106
2008/9/2,1303.1842
2008/9/3,1304.9603
2008/9/4,1306.4102
2008/9/5,1293.9985
2008/9/8,1281.3601
2008/9/9,1261.2925
2008/9/10,1260.6969
2008/9/11,1257.0224
2008/9/12,1277.4182
2008/9/16,1225.1703
2008/9/17,1224.7701
2008/9/18,1211.3998
2008/9/19,1220.3303
2008/9/22,1249.5423
2008/9/23,1243.0848
2008/9/24,1235.7755
2008/9/25,1233.116
2008/9/26,1225.1451
2008/10/6,1171.1369
2008/10/7,1129.6638
2008/10/8,1095.5037
2008/10/9,1090.0697
2008/10/10,1043.8156
2008/10/13,1036.0931
2008/10/14,1046.5188
2008/10/15,1027.3993
2008/10/16,987.0278
2008/10/17,997.39
2008/10/20,1027.8924
2008/10/21,996.3334
2008/10/22,972.9
2008/10/23,963.1122
2008/10/24,953.4871
2008/10/27,932.9223
2008/10/28,956.3542
2008/10/29,949.9918
2008/10/30,973.6444
2008/10/31,949.7259
2008/11/3,965.4479
2008/11/4,951.6118
2008/11/5,959.0924
2008/11/6,938.3555
2008/11/7,935.7017
2008/11/10,954.9823
2008/11/11,925.7682
2008/11/12,923.8679
2008/11/13,916.282
2008/11/14,928.5347
2008/11/17,927.667
2008/11/18,925.135
2008/11/19,933.4442
2008/11/20,911.9175
2008/11/21,897.3259
2008/11/24,891.9338
2008/11/25,901.1908
2008/11/26,905.5424
2008/11/27,901.5427
2008/11/28,891.2454
2008/12/1,890.8231
2008/12/2,866.417
2008/12/3,862.9463
2008/12/4,844.1679
2008/12/5,815.0027
2008/12/8,834.0238
2008/12/9,818.1107
2008/12/10,841.3034
2008/12/11,840.322
2008/12/12,827.7999
2008/12/15,855.3873
2008/12/16,845.6419
2008/12/17,849.4964
2008/12/18,837.9931
2008/12/19,846.1845
2008/12/22,866.7055
2008/12/23,857.7241
2008/12/24,864.6455
2008/12/25,858.551
2008/12/26,857.9096
2008/12/29,872.931
2008/12/30,871.2058
2008/12/31,885.1068
2009/1/5,908.6223
2009/1/6,935.6748
2009/1/7,938.7079
2009/1/8,923.318
2009/1/9,943.6233
2009/1/12,954.893
2009/1/13,928.8248
2009/1/14,956.9886
2009/1/15,942.0633
2009/1/16,958.1233
2009/1/19,960.3293
2009/1/20,953.9808
2009/1/21,946.2071
2009/1/22,937.9421
2009/1/23,939.134
2009/2/2,932.2355
2009/2/3,957.0488
2009/2/4,967.3047
2009/2/5,964.2935
2009/2/6,987.8181
2009/2/9,1006.9423
2009/2/10,1005.0571
2009/2/11,978.0183
2009/2/12,988.4442
2009/2/13,994.1304
2009/2/16,975.6566
2009/2/17,981.6666
2009/2/18,953.4211
2009/2/19,948.7009
2009/2/20,951.8685
2009/2/23,969.7542
2009/2/24,954.4867
2009/2/25,967.5412
2009/2/26,971.4992
2009/2/27,964.1194
2009/3/2,963.6479
2009/3/3,963.698
2009/3/4,978.5118
2009/3/5,980.1528
2009/3/6,982.0397
2009/3/9,972.6993
2009/3/10,981.1261
2009/3/11,978.5339
2009/3/12,976.1161
2009/3/13,981.321
2009/3/16,995.527
2009/3/17,1002.3966
2009/3/18,1003.3775
2009/3/19,1016.2917
2009/3/20,1037.3235
2009/3/23,1066.1293
2009/3/24,1050.5103
2009/3/25,1042.9947
2009/3/26,1062.7852
2009/3/27,1047.7792
2009/3/30,1045.5174
2009/3/31,1052.3202
2009/4/1,1052.1798
2009/4/2,1067.5656
2009/4/3,1068.8061
2009/4/7,1097.3459
2009/4/8,1077.0454
2009/4/9,1099.351
2009/4/10,1120.4054
2009/4/13,1129.8813
2009/4/14,1119.125
2009/4/15,1132.8909
2009/4/16,1149.5173
2009/4/17,1142.8187
2009/4/20,1128.8745
2009/4/21,1101.0765
2009/4/22,1093.5515
2009/4/23,1102.2527
2009/4/24,1079.7734
2009/4/27,1069.1939
2009/4/28,1067.6975
2009/4/29,1084.0697
2009/4/30,1098.6874
2009/5/4,1134.1055
2009/5/5,1120.5851
2009/5/6,1136.2731
2009/5/7,1136.1037
2009/5/8,1145.1288
2009/5/11,1113.096
2009/5/12,1122.6597
2009/5/13,1133.0721
2009/5/14,1110.7185
2009/5/15,1118.2527
2009/5/18,1104.4834
2009/5/19,1126.0559
2009/5/20,1119.6932
2009/5/21,1113.5374
2009/5/22,1119.8641
2009/5/25,1122.9489
2009/5/26,1113.2426
2009/5/27,1122.4367
2009/6/1,1154.6457
2009/6/2,1155.8464
2009/6/3,1166.9957
2009/6/4,1154.4208
2009/6/5,1174.2482
2009/6/8,1163.4683
2009/6/9,1169.4466
2009/6/10,1173.2829
2009/6/11,1171.182
2009/6/12,1164.2515
2009/6/15,1148.8553
2009/6/16,1149.4032
2009/6/17,1150.3579
2009/6/18,1146.0966
2009/6/19,1147.6506
2009/6/22,1134.7705
2009/6/23,1132.8891
2009/6/24,1136.5497
2009/6/25,1144.0692
2009/6/26,1157.1128
2009/6/29,1149.8541
2009/6/30,1159.3138
2009/7/1,1160.6982
2009/7/2,1155.1721
2009/7/3,1148.7092
2009/7/6,1139.7555
2009/7/7,1147.2605
2009/7/8,1131.4946
2009/7/9,1137.0626
2009/7/10,1138.6657
2009/7/13,1127.4233
2009/7/14,1137.1193
2009/7/15,1155.2497
2009/7/16,1154.4528
2009/7/17,1158.977
2009/7/20,1179.328
2009/7/21,1168.6422
2009/7/22,1168.4496
2009/7/23,1171.5273
2009/7/24,1175.7037
2009/7/27,1185.0799
2009/7/28,1190.7089
2009/7/29,1171.513
2009/7/30,1178.7282
2009/7/31,1207.9183
2009/8/3,1237.6948
2009/8/4,1239.6807
2009/8/5,1243.6815
2009/8/6,1240.2609
2009/8/7,1224.3164
2009/8/10,1255.9643
2009/8/11,1266.3732
2009/8/12,1260.2424
2009/8/13,1286.1636
2009/8/14,1273.6809
2009/8/17,1234.9639
2009/8/18,1241.7791
2009/8/19,1215.5257
2009/8/20,1234.6543
2009/8/21,1223.1192
2009/8/24,1259.6884
2009/8/25,1251.7883
2009/8/26,1256.987
2009/8/27,1254.3817
2009/8/28,1268.9365
2009/8/31,1239.5676
2009/9/1,1237.0248
2009/9/2,1209.1321
2009/9/3,1227.0298
2009/9/4,1229.6875
2009/9/7,1224.0532
2009/9/8,1235.5892
2009/9/9,1236.4484
2009/9/10,1237.9233
2009/9/11,1228.6639
2009/9/14,1203.648
2009/9/15,1210.3467
2009/9/16,1223.0718
2009/9/17,1230.8442
2009/9/18,1219.3238
2009/9/21,1220.9961
2009/9/22,1217.002
2009/9/23,1205.6184
2009/9/24,1201.9588
2009/9/25,1194.5569
2009/9/28,1176.1293
2009/9/29,1188.5867
2009/9/30,1206.1005
2009/10/9,1224.3346
2009/10/12,1235.9118
2009/10/13,1236.3578
2009/10/14,1243.9056
2009/10/15,1235.4174
2009/10/16,1242.731
2009/10/19,1256.1163
2009/10/20,1258.7638
2009/10/21,1250.9321
2009/10/22,1253.4853
2009/10/23,1270.7355
2009/10/26,1280.5965
2009/10/27,1271.0462
2009/10/28,1269.4727
2009/10/29,1253.5798
2009/10/30,1266.9004
2009/11/2,1263.9722
2009/11/3,1266.0357
2009/11/4,1272.7387
2009/11/5,1267.742
2009/11/6,1273.141
2009/11/9,1277.4139
2009/11/10,1272.2057
2009/11/11,1278.3107
2009/11/12,1288.429
2009/11/13,1291.4475
2009/11/16,1304.2192
2009/11/17,1305.9278
2009/11/18,1319.7708
2009/11/19,1319.926
2009/11/20,1325.0825
2009/11/23,1351.6405
2009/11/24,1331.2538
2009/11/25,1346.5008
2009/11/26,1347.7547
2009/11/27,1315.5217
2009/11/30,1342.0443
2009/12/1,1342.5461
2009/12/2,1354.6777
2009/12/3,1362.1757
2009/12/4,1366.349
2009/12/7,1370.2961
2009/12/8,1373.2119
2009/12/9,1350.9806
2009/12/10,1342.0954
2009/12/11,1349.742
2009/12/14,1353.0539
2009/12/15,1358.652
2009/12/16,1370.1044
2009/12/17,1370.283
2009/12/18,1367.4579
2009/12/21,1368.0578
2009/12/22,1359.2909
2009/12/23,1364.0307
2009/12/24,1382.359
2009/12/25,1386.9952
2009/12/28,1403.1225
2009/12/29,1402.3392
2009/12/30,1404.5478
2009/12/31,1422.2004
2010/1/4,1430.4799
2010/1/5,1441.4393
2010/1/6,1454.1171
2010/1/7,1432.498
2010/1/8,1420.3436
2010/1/11,1444.1139
2010/1/12,1433.9426
2010/1/13,1394.6335
2010/1/14,1409.0916
2010/1/15,1398.636
2010/1/18,1401.3217
2010/1/19,1411.4203
2010/1/20,1400.9422
2010/1/21,1413.742
2010/1/22,1387.8073
2010/1/25,1390.5428
2010/1/26,1375.9686
2010/1/27,1375.3471
2010/1/28,1345.2255
2010/1/29,1329.7502
2010/2/1,1319.7065
2010/2/2,1318.8049
2010/2/3,1347.5382
2010/2/4,1328.0471
2010/2/5,1306.8405
2010/2/8,1313.1869
2010/2/9,1321.9832
2010/2/10,1340.2985
2010/2/11,1352.8839
2010/2/12,1363.9601
2010/2/22,1387.0194
2010/2/23,1393.3823
2010/2/24,1385.3912
2010/2/25,1375.6243
2010/2/26,1378.0268
2010/3/1,1392.5392
2010/3/2,1370.5332
2010/3/3,1378.7155
2010/3/4,1368.8507
2010/3/5,1376.1258
2010/3/8,1391.6396
2010/3/9,1386.9058
2010/3/10,1385.0659
2010/3/11,1366.5465
2010/3/12,1364.5867
2010/3/15,1346.0751
2010/3/16,1354.1538
2010/3/17,1368.7956
2010/3/18,1362.4957
2010/3/19,1375.4579
2010/3/22,1369.3409
2010/3/23,1361.4371
2010/3/24,1357.1109
2010/3/25,1363.5468
2010/3/26,1371.2592
2010/3/29,1382.3384
2010/3/30,1381.7674
2010/3/31,1375.5994
2010/4/1,1379.0953
2010/4/2,1388.6746
2010/4/6,1395.8909
2010/4/7,1398.4013
2010/4/8,1385.3141
2010/4/9,1394.284
2010/4/12,1399.5688
2010/4/13,1396.6961
2010/4/14,1400.4267
2010/4/15,1398.887
2010/4/16,1398.6756
2010/4/19,1369.2679
2010/4/20,1382.1275
2010/4/21,1382.6209
2010/4/22,1378.8834
2010/4/23,1379.9106
2010/4/26,1383.8974
2010/4/27,1372.9845
2010/4/28,1355.523
2010/4/29,1355.2193
2010/4/30,1359.8753
2010/5/4,1348.5109
2010/5/5,1340.4545
2010/5/6,1328.5682
2010/5/7,1305.363
2010/5/10,1327.5288
2010/5/11,1313.9817
2010/5/12,1321.5527
2010/5/13,1328.4323
2010/5/14,1314.5577
2010/5/17,1277.6122
2010/5/18,1286.8738
2010/5/19,1279.8933
2010/5/20,1285.9784
2010/5/21,1281.5564
2010/5/24,1298.6707
2010/5/25,1280.48
2010/5/26,1294.5248
2010/5/27,1300.7588
2010/5/28,1300.7071
2010/5/31,1292.0523
2010/6/1,1282.3249
2010/6/2,1276.3567
2010/6/3,1277.5587
2010/6/4,1270.3022
2010/6/7,1229.3292
2010/6/8,1234.2682
2010/6/9,1247.4999
2010/6/10,1245.064
2010/6/11,1255.0161
2010/6/17,1257.5464
2010/6/18,1251.6746
2010/6/21,1281.431
2010/6/22,1271.8184
2010/6/23,1270.7015
2010/6/24,1276.7295
2010/6/25,1272.5075
2010/6/28,1275.9884
2010/6/29,1258.4786
2010/6/30,1252.9812
2010/7/1,1242.7929
2010/7/2,1254.4872
2010/7/5,1256.886
2010/7/6,1254.6793
2010/7/7,1253.1936
2010/7/8,1260.3651
2010/7/9,1266.9322
2010/7/12,1258.9231
2010/7/13,1249.8448
2010/7/14,1255.5666
2010/7/15,1254.5251
2010/7/16,1263.3283
2010/7/19,1262.0698
2010/7/20,1272.268
2010/7/21,1271.764
2010/7/22,1276.7377
2010/7/23,1293.0677
2010/7/26,1297.0628
2010/7/27,1284.7775
2010/7/28,1299.7562
2010/7/29,1304.7557
2010/7/30,1311.7668
2010/8/2,1335.4187
2010/8/3,1332.0184
2010/8/4,1337.9358
2010/8/5,1329.5116
2010/8/6,1342.5775
2010/8/9,1356.687
2010/8/10,1344.516
2010/8/11,1339.6667
2010/8/12,1330.2548
2010/8/13,1348.8299
2010/8/16,1354.326
2010/8/17,1357.949
2010/8/18,1354.5448
2010/8/19,1359.868
2010/8/20,1335.3467
2010/8/23,1331.6595
2010/8/24,1322.5416
2010/8/25,1323.1092
2010/8/26,1336.0562
2010/8/27,1342.4614
2010/8/30,1360.5628
2010/8/31,1343.0417
2010/9/1,1354.7999
2010/9/2,1364.3573
2010/9/3,1366.8142
2010/9/6,1390.3693
2010/9/7,1389.7942
2010/9/8,1389.0596
2010/9/9,1364.3418
2010/9/10,1372.701
2010/9/13,1377.9629
2010/9/14,1368.5587
2010/9/15,1369.5888
2010/9/16,1365.0783
2010/9/17,1375.7516
2010/9/20,1395.7585
2010/9/21,1387.3867
2010/9/27,1397.2481
2010/9/28,1400.3526
2010/9/29,1393.1995
2010/9/30,1397.0534
2010/10/8,1404.8616
2010/10/11,1456.1488
2010/10/12,1447.018
2010/10/13,1462.8447
2010/10/14,1475.5497
2010/10/15,1481.4634
2010/10/18,1465.1964
2010/10/19,1473.4557
2010/10/20,1465.8492
2010/10/21,1473.4597
2010/10/22,1478.2724
2010/10/25,1516.4566
2010/10/26,1508.0427
2010/10/27,1486.328
2010/10/28,1502.7443
2010/10/29,1476.5423
2010/11/1,1500.3547
2010/11/2,1499.6475
2010/11/3,1506.838
2010/11/4,1533.3098
2010/11/5,1580.3117
2010/11/8,1586.3311
2010/11/9,1618.434
2010/11/10,1610.0767
2010/11/11,1610.8281
2010/11/12,1550.6261
2010/11/15,1522.7928
2010/11/16,1512.4632
2010/11/17,1464.2546
2010/11/18,1486.8396
2010/11/19,1502.2095
2010/11/22,1480.7959
2010/11/23,1457.5371
2010/11/24,1480.8142
2010/11/25,1471.6265
2010/11/26,1454.7526
2010/11/29,1467.3327
2010/11/30,1467.2423
2010/12/1,1480.5307
2010/12/2,1498.9449
2010/12/3,1507.4246
2010/12/6,1515.2762
2010/12/7,1526.5223
2010/12/8,1497.6391
2010/12/9,1514.6618
2010/12/10,1521.3243
2010/12/13,1548.4511
2010/12/14,1555.3396
2010/12/15,1537.8468
2010/12/16,1539.348
2010/12/17,1553.3273
2010/12/20,1560.4431
2010/12/21,1573.1864
2010/12/22,1562.5676
2010/12/23,1576.9009
2010/12/24,1582.3469
2010/12/27,1578.7843
2010/12/28,1581.941
2010/12/29,1579.0408
2010/12/30,1591.8415
2010/12/31,1593.4272
2011/1/4,1604.1208
2011/1/5,1592.4229
2011/1/6,1609.1059
2011/1/7,1572.4374
2011/1/10,1578.9489
2011/1/11,1586.9125
2011/1/12,1592.366
2011/1/13,1598.3527
2011/1/14,1606.2496
2011/1/17,1602.2159
2011/1/18,1604.3734
2011/1/19,1621.7248
2011/1/20,1609.9266
2011/1/21,1611.664
2011/1/24,1627.009
2011/1/25,1605.6675
2011/1/26,1596.7983
2011/1/27,1610.1897
2011/1/28,1609.673
2011/1/31,1631.746
2011/2/1,1651.3455
2011/2/9,1660.384
2011/2/10,1674.7
2011/2/11,1672.2952
2011/2/14,1676.882
2011/2/15,1667.7473
2011/2/16,1658.5564
2011/2/17,1640.92
2011/2/18,1629.9319
2011/2/21,1635.9695
2011/2/22,1627.4215
2011/2/23,1595.4976
2011/2/24,1577.5476
2011/2/25,1588.6185
2011/2/28,1611.7433
2011/3/1,1606.1263
2011/3/2,1615.3148
2011/3/3,1605.1518
2011/3/4,1609.1243
2011/3/7,1612.7622
2011/3/8,1573.682
2011/3/9,1577.7521
2011/3/10,1551.9063
2011/3/11,1540.369
2011/3/14,1534.397
2011/3/15,1534.4307
2011/3/16,1543.4193
2011/3/17,1542.3018
2011/3/18,1558.3841
2011/3/21,1554.0686
2011/3/22,1554.1013
2011/3/23,1573.533
2011/3/24,1564.4798
2011/3/25,1571.0817
2011/3/28,1557.2301
2011/3/29,1558.5895
2011/3/30,1561.5416
2011/3/31,1557.5908
2011/4/1,1555.2139
2011/4/6,1576.8616
2011/4/7,1575.3654
2011/4/8,1593.386
2011/4/11,1600.2887
2011/4/12,1583.9003
2011/4/13,1582.5934
2011/4/14,1563.4367
2011/4/15,1552.955
2011/4/18,1555.0931
2011/4/19,1534.572
2011/4/20,1553.9477
2011/4/21,1555.6806
2011/4/22,1561.4448
2011/4/25,1550.7153
2011/4/26,1539.7859
2011/4/27,1532.1011
2011/4/28,1544.6223
2011/4/29,1526.1556
2011/5/3,1531.0305
2011/5/4,1516.554
2011/5/5,1501.7378
2011/5/6,1476.4284
2011/5/9,1490.7258
2011/5/10,1499.5268
2011/5/11,1494.0562
2011/5/12,1466.1584
2011/5/13,1498.3793
2011/5/16,1488.2535
2011/5/17,1491.2885
2011/5/18,1491.8703
2011/5/19,1498.1398
2011/5/20,1498.7776
2011/5/23,1486.5102
2011/5/24,1498.2008
2011/5/25,1504.1958
2011/5/26,1518.6557
2011/5/27,1522.3777
2011/5/30,1522.4563
2011/5/31,1525.6195
2011/6/1,1520.4957
2011/6/2,1518.6557
2011/6/3,1536.3
2011/6/7,1530.9077
2011/6/8,1524.3559
2011/6/9,1521.4547
2011/6/10,1521.2656
2011/6/13,1514.4489
2011/6/14,1516.5439
2011/6/15,1525.4068
2011/6/16,1512.5593
2011/6/17,1509.7231
2011/6/20,1502.844
2011/6/21,1513.284
2011/6/22,1503.3141
2011/6/23,1499.0958
2011/6/24,1500.6986
2011/6/27,1475.9227
2011/6/28,1478.5983
2011/6/29,1490.3943
2011/6/30,1505.6008
2011/7/1,1499.4568
2011/7/4,1521.5875
2011/7/5,1519.4486
2011/7/6,1525.7958
2011/7/7,1528.6483
2011/7/8,1536.0813
2011/7/11,1530.8194
2011/7/12,1523.8814
2011/7/13,1549.4591
2011/7/14,1548.8506
2011/7/15,1545.4512
2011/7/18,1546.8933
2011/7/19,1559.5866
2011/7/20,1557.7135
2011/7/21,1557.2657
2011/7/22,1561.2182
2011/7/25,1553.1903
2011/7/26,1568.3324
2011/7/27,1574.4973
2011/7/28,1566.7111
2011/7/29,1559.1813
2011/8/1,1575.4327
2011/8/2,1565.3031
2011/8/3,1566.1112
2011/8/4,1556.3142
2011/8/5,1513.3847
2011/8/8,1505.2638
2011/8/9,1484.8086
2011/8/10,1500.0861
2011/8/11,1511.7462
2011/8/12,1512.0249
2011/8/15,1521.2368
2011/8/16,1506.6389
2011/8/17,1518.7145
2011/8/18,1513.7302
2011/8/19,1507.6743
2011/8/22,1503.4873
2011/8/23,1515.4005
2011/8/24,1513.6209
2011/8/25,1509.8898
2011/8/26,1510.6629
2011/8/29,1519.5683
2011/8/30,1529.3247
2011/8/31,1534.658
2011/9/1,1528.0456
2011/9/2,1525.4943
2011/9/5,1513.414
2011/9/6,1511.3442
2011/9/7,1526.4235
2011/9/8,1523.5278
2011/9/9,1526.5364
2011/9/13,1512.6333
2011/9/14,1495.0246
2011/9/15,1496.1996
2011/9/16,1500.1495
2011/9/19,1463.2435
2011/9/20,1463.2096
2011/9/21,1468.1975
2011/9/22,1431.654
2011/9/23,1388.9331
2011/9/26,1341.4097
2011/9/27,1373.8119
2011/9/28,1362.9248
2011/9/29,1331.3891
2011/9/30,1362.9292
2011/10/10,1352.2253
2011/10/11,1351.4663
2011/10/12,1366.6028
2011/10/13,1359.9145
2011/10/14,1372.6149
2011/10/17,1364.3187
2011/10/18,1331.709
2011/10/19,1328.83
2011/10/20,1286.1888
2011/10/21,1294.7889
2011/10/24,1334.425
2011/10/25,1342.9249
2011/10/26,1347.807
2011/10/27,1359.1949
2011/10/28,1368.471
2011/10/31,1351.1049
2011/11/1,1343.0174
2011/11/2,1356.1261
2011/11/3,1336.2765
2011/11/4,1366.6202
2011/11/7,1351.0174
2011/11/8,1350.1214
2011/11/9,1351.3599
2011/11/10,1313.1565
2011/11/11,1325.8241
2011/11/14,1355.5088
2011/11/15,1348.0051
2011/11/16,1336.968
2011/11/17,1347.6841
2011/11/18,1334.2112
2011/11/21,1323.1931
2011/11/22,1319.1678
2011/11/23,1308.2735
2011/11/24,1307.037
2011/11/25,1296.0142
2011/11/28,1314.427
2011/11/29,1320.7783
2011/11/30,1309.0611
2011/12/1,1346.7415
2011/12/2,1345.1523
2011/12/5,1347.7496
2011/12/6,1344.3012
2011/12/7,1353.4556
2011/12/8,1347.571
2011/12/9,1339.8985
2011/12/12,1329.639
2011/12/13,1321.7878
2011/12/14,1319.489
2011/12/15,1300.8407
2011/12/16,1318.6834
2011/12/19,1313.512
2011/12/20,1314.5587
2011/12/21,1320.2227
2011/12/22,1324.1129
2011/12/23,1333.5763
2011/12/26,1323.8716
2011/12/27,1323.0186
2011/12/28,1327.8608
2011/12/29,1317.432
2011/12/30,1323.1581
2012/1/4,1325.5516
2012/1/5,1338.3194
2012/1/6,1337.9823
2012/1/9,1336.892
2012/1/10,1346.9497
2012/1/11,1353.6195
2012/1/12,1356.152
2012/1/13,1353.4246
2012/1/16,1352.018
2012/1/17,1371.0043
2012/1/18,1370.1547
2012/1/19,1378.613
2012/1/20,1392.3533
2012/1/30,1389.4531
2012/1/31,1393.1796
2012/2/1,1386.0257
2012/2/2,1392.402
2012/2/3,1396.9925
2012/2/6,1410.3085
2012/2/7,1400.789
2012/2/8,1420.1065
2012/2/9,1411.3469
2012/2/10,1405.9455
2012/2/13,1405.7277
2012/2/14,1399.3927
2012/2/15,1398.2192
2012/2/16,1380.7832
2012/2/17,1387.8779
2012/2/20,1391.7684
2012/2/21,1403.3687
2012/2/22,1407.2838
2012/2/23,1406.6351
2012/2/24,1403.1727
2012/2/27,1411.3554
2012/2/28,1420.3649
2012/2/29,1422.4378
2012/3/1,1410.6802
2012/3/2,1421.539
2012/3/5,1416.8441
2012/3/6,1409.07
2012/3/7,1396.8918
2012/3/8,1400.0193
2012/3/9,1418.6927
2012/3/12,1417.5996
2012/3/13,1425.1803
2012/3/14,1418.1711
2012/3/15,1417.7367
2012/3/16,1418.7187
2012/3/19,1415.9869
2012/3/20,1410.517
2012/3/21,1412.5187
2012/3/22,1406.9842
2012/3/23,1412.5664
2012/3/26,1415.1931
2012/3/27,1420.8603
2012/3/28,1413.7459
2012/3/29,1405.4191
2012/3/30,1404.7358
2012/4/5,1416.4654
2012/4/6,1424.7659
2012/4/9,1422.6875
2012/4/10,1424.1884
2012/4/11,1408.5613
2012/4/12,1413.6903
2012/4/13,1411.8408
2012/4/16,1398.9045
2012/4/17,1397.2643
2012/4/18,1408.2957
2012/4/19,1406.4574
2012/4/20,1406.5978
2012/4/23,1402.5311
2012/4/24,1397.917
2012/4/25,1398.8163
2012/4/26,1404.9565
2012/4/27,1404.657
2012/5/2,1404.5997
2012/5/3,1394.5464
2012/5/4,1398.6172
2012/5/7,1385.4007
2012/5/8,1384.7851
2012/5/9,1373.9306
2012/5/10,1377.7794
2012/5/11,1357.2915
2012/5/14,1339.6425
2012/5/15,1336.2943
2012/5/16,1315.7099
2012/5/17,1331.6598
2012/5/18,1323.5491
2012/5/21,1337.0672
2012/5/22,1332.2927
2012/5/23,1313.0904
2012/5/24,1316.908
2012/5/25,1316.9235
2012/5/28,1326.2748
2012/5/29,1331.693
2012/5/30,1322.5091
2012/5/31,1314.1898
2012/6/1,1304.9394
2012/6/4,1275.826
2012/6/5,1288.1794
2012/6/6,1290.1824
2012/6/7,1293.5948
2012/6/8,1282.9929
2012/6/11,1303.1876
2012/6/12,1292.0708
2012/6/13,1291.6772
2012/6/14,1288.3152
2012/6/15,1302.0507
2012/6/18,1306.8744
2012/6/19,1307.6359
2012/6/20,1317.461
2012/6/21,1300.7793
2012/6/25,1300.6626
2012/6/26,1296.1352
2012/6/27,1294.1286
2012/6/28,1300.5754
2012/6/29,1310.632
2012/7/2,1315.4025
2012/7/3,1331.5124
2012/7/4,1334.8432
2012/7/5,1341.9419
2012/7/6,1336.1701
2012/7/9,1337.9681
2012/7/10,1329.7559
2012/7/11,1327.2612
2012/7/12,1324.5703
2012/7/13,1337.516
2012/7/16,1346.2683
2012/7/17,1333.9112
2012/7/18,1329.8032
2012/7/19,1336.1875
2012/7/20,1327.9032
2012/7/23,1303.3188
2012/7/24,1295.5595
2012/7/25,1285.6173
2012/7/26,1289.572
2012/7/27,1302.0813
2012/7/30,1301.4905
2012/7/31,1307.8193
2012/8/1,1303.9036
2012/8/2,1298.1393
2012/8/3,1295.1509
2012/8/6,1302.0179
2012/8/7,1306.9003
2012/8/8,1298.1506
2012/8/9,1311.327
2012/8/10,1307.0753
2012/8/13,1298.0889
2012/8/14,1295.768
2012/8/15,1301.8224
2012/8/16,1298.1969
2012/8/17,1302.0074
2012/8/20,1299.5333
2012/8/21,1306.3116
2012/8/22,1306.7278
2012/8/23,1313.3988
2012/8/24,1309.5388
2012/8/27,1319.9066
2012/8/28,1307.5642
2012/8/29,1303.0669
2012/8/30,1310.1005
2012/8/31,1302.9685
2012/9/3,1315.5726
2012/9/4,1309.1025
2012/9/5,1300.0404
2012/9/6,1305.4085
2012/9/7,1313.5212
2012/9/10,1340.8659
2012/9/11,1340.0456
2012/9/12,1344.7165
2012/9/13,1337.9885
2012/9/14,1372.0684
2012/9/17,1363.4505
2012/9/18,1361.0354
2012/9/19,1369.6244
2012/9/20,1349.8007
2012/9/21,1349.8946
2012/9/24,1336.8638
2012/9/25,1339.2472
2012/9/26,1335.4097
2012/9/27,1338.0056
2012/9/28,1351.3777
2012/10/8,1338.8334
2012/10/9,1355.8072
2012/10/10,1354.0724
2012/10/11,1351.3952
2012/10/12,1348.3459
2012/10/15,1337.0865
2012/10/16,1343.6956
2012/10/17,1346.6639
2012/10/18,1354.4354
2012/10/19,1342.0926
2012/10/22,1344.5
2012/10/23,1329.09
2012/10/24,1337.14
2012/10/25,1338.96
2012/10/26,1330.77
2012/10/29,1323.39
2012/10/30,1323.36
2012/10/31,1328.96
2012/11/1,1337.05
2012/11/2,1329.96
2012/11/5,1317.03
2012/11/6,1322.33
2012/11/7,1325.22
2012/11/8,1316.78
2012/11/9,1319.65
2012/11/12,1313.68
2012/11/13,1309.42
2012/11/14,1318.96
2012/11/15,1317.94
2012/11/16,1315.26
2012/11/19,1317.27
2012/11/20,1318.89
2012/11/21,1320.07
2012/11/22,1321.69
2012/11/23,1324.73
2012/11/26,1324.3
2012/11/27,1319.96
2012/11/28,1315.79
2012/11/29,1312.46
2012/11/30,1322.35
2012/12/3,1333.67
2012/12/4,1330.43
2012/12/5,1339.29
2012/12/6,1336.71
2012/12/7,1343.64
2012/12/10,1353.67
2012/12/11,1349.08
2012/12/12,1350.96
2012/12/13,1345.17
2012/12/14,1358.6
2012/12/17,1369.09
2012/12/18,1367.23
2012/12/19,1363.07
2012/12/20,1352.22
2012/12/21,1349.91
2012/12/24,1351.91
2012/12/25,1357.13
2012/12/26,1360.75
2012/12/27,1367.79
2012/12/28,1371.87
2012/12/31,1378.96
2013/1/4,1381.29
2013/1/7,1382.6
2013/1/8,1384.39
2013/1/9,1379.8
2013/1/10,1383.42
2013/1/11,1370.52
2013/1/14,1380.48
2013/1/15,1371.64
2013/1/16,1373.41
2013/1/17,1373.26
2013/1/18,1386.46
2013/1/21,1380.5
2013/1/22,1387.32
2013/1/23,1389.75
2013/1/24,1381.09
2013/1/25,1384.89
2013/1/28,1384.15
2013/1/29,1390.14
2013/1/30,1398.88
2013/1/31,1406.43
2013/2/1,1408.69
2013/2/4,1416.64
2013/2/5,1410.4
2013/2/6,1407.84
2013/2/7,1401.88
2013/2/8,1401.05
2013/2/18,1384.54
2013/2/19,1386.91
2013/2/20,1386.17
2013/2/21,1365.92
2013/2/22,1367.99
2013/2/25,1357.23
2013/2/26,1343.03
2013/2/27,1350.95
2013/2/28,1358.2
2013/3/1,1345.11
2013/3/4,1334.4
2013/3/5,1345.58
2013/3/6,1342.36
2013/3/7,1335.7
2013/3/8,1339.57
2013/3/11,1333.72
2013/3/12,1323.32
2013/3/13,1321.86
2013/3/14,1312.49
2013/3/15,1325.05
2013/3/18,1304.29
2013/3/19,1308.9
2013/3/20,1316.1
2013/3/21,1321.37
2013/3/22,1315.83
2013/3/25,1318.4
2013/3/26,1313.56
2013/3/27,1310.24
2013/3/28,1300
2013/3/29,1293.57
2013/4/1,1275.27
2013/4/2,1285.43
2013/4/3,1278.72
2013/4/8,1288.59
2013/4/9,1290.21
2013/4/10,1294.85
2013/4/11,1285.78
2013/4/12,1286.28
2013/4/15,1256.01
2013/4/16,1246.55
2013/4/17,1235.75
2013/4/18,1222.2
2013/4/19,1231.79
2013/4/22,1211.17
2013/4/23,1204.47
2013/4/24,1216.78
2013/4/25,1222.94
2013/4/26,1226.4
2013/5/2,1211.56
2013/5/3,1227.63
2013/5/6,1242.85
2013/5/7,1236.22
2013/5/8,1250.98
2013/5/9,1246.22
2013/5/10,1257.34
2013/5/13,1252.93
2013/5/14,1248.02
2013/5/15,1231.29
2013/5/16,1232.83
2013/5/17,1246.87
2013/5/20,1241.32
2013/5/21,1248.88
2013/5/22,1251.35
2013/5/23,1231.5
2013/5/24,1237.05
2013/5/27,1229.47
2013/5/28,1230.98
2013/5/29,1223.14
2013/5/30,1226.26
2013/5/31,1226.5
2013/6/3,1235.64
2013/6/4,1235.72
2013/6/5,1238.47
2013/6/6,1223.96
2013/6/7,1229.21
2013/6/13,1214.99
2013/6/14,1217.46
2013/6/17,1224.35
2013/6/18,1222.31
2013/6/19,1224.4
2013/6/20,1206.86
2013/6/21,1198.65
2013/6/24,1179.28
2013/6/25,1189.7
2013/6/26,1177.83
2013/6/27,1184.53
2013/6/28,1182.59
2013/7/1,1192.57
2013/7/2,1198.11
2013/7/3,1199.18
2013/7/4,1198.87
2013/7/5,1192.98
2013/7/8,1180.28
2013/7/9,1185.51
2013/7/10,1188.51
2013/7/11,1208.19
2013/7/12,1196.47
2013/7/15,1193.8
2013/7/16,1197.81
2013/7/17,1203.45
2013/7/18,1204.1
2013/7/19,1204.71
2013/7/22,1212.98
2013/7/23,1213.98
2013/7/24,1214.93
2013/7/25,1211.03
2013/7/26,1198.35
2013/7/29,1185.75
2013/7/30,1185.03
2013/7/31,1193.39
2013/8/1,1200.18
2013/8/2,1200.04
2013/8/5,1204.85
2013/8/6,1204.5
2013/8/7,1198.95
2013/8/8,1215.25
2013/8/9,1220.8
2013/8/12,1237.75
2013/8/13,1247.96
2013/8/14,1240.28
2013/8/15,1244.06
2013/8/16,1254.02
2013/8/19,1254.31
2013/8/20,1244.94
2013/8/21,1246.91
2013/8/22,1248.63
2013/8/23,1254.45
2013/8/26,1275.3
2013/8/27,1276.22
2013/8/28,1264.21
2013/8/29,1258.68
2013/8/30,1251.7
2013/9/2,1269.3
2013/9/3,1266.48
2013/9/4,1259.8
2013/9/5,1257.78
2013/9/6,1263.08
2013/9/9,1269.43
2013/9/10,1259.81
2013/9/11,1261.61
2013/9/12,1252.04
2013/9/13,1249.11
2013/9/16,1241.21
2013/9/17,1244.87
2013/9/18,1247.83
2013/9/23,1251.37
2013/9/24,1248.55
2013/9/25,1249.55
2013/9/26,1251.8
2013/9/27,1246.35
2013/9/30,1245.89
2013/10/8,1254.24
2013/10/9,1252.06
2013/10/10,1250.93
2013/10/11,1253.5
2013/10/14,1262.08
2013/10/15,1258.68
2013/10/16,1254.78
2013/10/17,1247.81
2013/10/18,1253.54
2013/10/21,1259.59
2013/10/22,1252.51
2013/10/23,1249.94
2013/10/24,1247.14
2013/10/25,1233.14
2013/10/28,1234.58
2013/10/29,1235.69
2013/10/30,1243.21
2013/10/31,1237.58
2013/11/1,1242.94
2013/11/4,1237.7
2013/11/5,1235.88
2013/11/6,1232.55
2013/11/7,1235.5
2013/11/8,1231.59
2013/11/11,1232.54
2013/11/12,1231.99
2013/11/13,1229.3
2013/11/14,1229.99
2013/11/15,1223.41
2013/11/18,1222.29
2013/11/19,1222.34
2013/11/20,1229.22
2013/11/21,1225.36
2013/11/22,1227.01
2013/11/25,1224.51
2013/11/26,1228.22
2013/11/27,1228.67
2013/11/28,1229.7
2013/11/29,1234.83
2013/12/2,1237.59
2013/12/3,1233.07
2013/12/4,1236.75
2013/12/5,1234.86
2013/12/6,1237.39
2013/12/9,1241.65
2013/12/10,1242.47
2013/12/11,1241.82
2013/12/12,1244.63
2013/12/13,1231.16
2013/12/16,1230.24
2013/12/17,1229.46
2013/12/18,1225.92
2013/12/19,1221.83
2013/12/20,1219.51
2013/12/23,1214.71
2013/12/24,1212.49
2013/12/25,1216.31
2013/12/26,1215.29
2013/12/27,1220.4
2013/12/30,1213.84
2013/12/31,1208.4
2014/1/2,1211.58
2014/1/3,1198.59
2014/1/6,1189.46
2014/1/7,1182.43
2014/1/8,1181.16
2014/1/9,1176.94
2014/1/10,1180.48
2014/1/13,1175.07
2014/1/14,1184.41
2014/1/15,1181.08
2014/1/16,1181.66
2014/1/17,1179.96
2014/1/20,1182.33
2014/1/21,1173.54
2014/1/22,1173.07
2014/1/23,1174.08
2014/1/24,1175.91
2014/1/27,1167.55
2014/1/28,1157.13
2014/1/29,1160.44
2014/1/30,1156.54
2014/2/7,1159.83
2014/2/10,1170.19
2014/2/11,1161.79
2014/2/12,1164.97
2014/2/13,1164.04
2014/2/14,1167.54
2014/2/17,1179.69
2014/2/18,1172.08
2014/2/19,1176.5
2014/2/20,1168.14
2014/2/21,1168
2014/2/24,1153.23
2014/2/25,1148.46
2014/2/26,1148.42
2014/2/27,1142.83
2014/2/28,1138.27
2014/3/3,1138.54
2014/3/4,1136.4
2014/3/5,1145.33
2014/3/6,1143.51
2014/3/7,1138.45
2014/3/10,1111.84
2014/3/11,1120.56
2014/3/12,1119.24
2014/3/13,1120.81
2014/3/14,1112.64
2014/3/17,1103.18
2014/3/18,1105.76
2014/3/19,1108.15
2014/3/20,1105.38
2014/3/21,1101.7
2014/3/24,1104.97
2014/3/25,1115.25
2014/3/26,1116.72
2014/3/27,1115.81
2014/3/28,1126.14
2014/3/31,1127.56
2014/4/1,1131.24
2014/4/2,1127.05
2014/4/3,1125.84
2014/4/4,1133.19
2014/4/8,1139.7
2014/4/9,1132.45
2014/4/10,1127.84
2014/4/11,1128.42
2014/4/14,1130.72
2014/4/15,1131.4
2014/4/16,1130.04
2014/4/17,1129.89
2014/4/18,1116.99
2014/4/21,1110.32
2014/4/22,1113.8
2014/4/23,1115.42
2014/4/24,1120.51
2014/4/25,1122.46
2014/4/28,1124.25
2014/4/29,1123.48
2014/4/30,1119.49
2014/5/5,1118
2014/5/6,1111.22
2014/5/7,1109.29
2014/5/8,1104.53
2014/5/9,1105.84
2014/5/12,1114.25
2014/5/13,1116.43
2014/5/14,1123.26
2014/5/15,1119.77
2014/5/16,1109.43
2014/5/19,1118.83
2014/5/20,1117.26
2014/5/21,1113.51
2014/5/22,1118.31
2014/5/23,1121.75
2014/5/26,1131.05
2014/5/27,1125.27
2014/5/28,1123.44
2014/5/29,1119.91
2014/5/30,1116.75
2014/6/3,1112.9
2014/6/4,1112.25
2014/6/5,1116.57
2014/6/6,1116.38
2014/6/9,1112.82
2014/6/10,1112.4
2014/6/11,1111.36
2014/6/12,1104.93
2014/6/13,1110.75
2014/6/16,1110.83
2014/6/17,1110.86
2014/6/18,1109.74
2014/6/19,1110.55
2014/6/20,1124.38
2014/6/23,1131.47
2014/6/24,1128.81
2014/6/25,1129.39
2014/6/26,1136.96
2014/6/27,1132
2014/6/30,1126.37
2014/7/1,1123.05
2014/7/2,1122.55
2014/7/3,1122.04
2014/7/4,1119.59
2014/7/7,1106.62
2014/7/8,1110.14
2014/7/9,1104.36
2014/7/10,1101.39
2014/7/11,1100.1
2014/7/14,1098.9
2014/7/15,1097.82
2014/7/16,1097.54
2014/7/17,1096.37
2014/7/18,1091.07
2014/7/21,1091.7
2014/7/22,1096.54
2014/7/23,1092.55
2014/7/24,1092.71
2014/7/25,1091.44
2014/7/28,1094.47
2014/7/29,1101.76
2014/7/30,1094.79
2014/7/31,1094.55
2014/8/1,1087.27
2014/8/4,1096.05
2014/8/5,1095.26
2014/8/6,1090.76
2014/8/7,1094.53
2014/8/8,1092.62
2014/8/11,1091.1
2014/8/12,1084.97
2014/8/13,1080.68
2014/8/14,1068.12
2014/8/15,1073.33
2014/8/18,1069.53
2014/8/19,1071.68
2014/8/20,1066.69
2014/8/21,1071.16
2014/8/22,1075.05
2014/8/25,1072.96
2014/8/26,1074.05
2014/8/27,1072.27
2014/8/28,1065.8
2014/8/29,1064.81
2014/9/1,1058.21
2014/9/2,1065.43
2014/9/3,1057.79
2014/9/4,1056.56
2014/9/5,1050.11
2014/9/9,1037.03
2014/9/10,1032.9
2014/9/11,1027.43
2014/9/12,1033.82
2014/9/15,1038.79
2014/9/16,1036.07
2014/9/17,1043.16
2014/9/18,1034.67
2014/9/19,1020.58
2014/9/22,999.69
2014/9/23,1002.38
2014/9/24,1004.22
2014/9/25,999.66
2014/9/26,1009.17
2014/9/29,1005.38
2014/9/30,1009.01
2014/10/8,1006.3
2014/10/9,1015.73
2014/10/10,1004.3
2014/10/13,1016.69
2014/10/14,1019.39
2014/10/15,1017.34
2014/10/16,1010.28
2014/10/17,1008.32
2014/10/20,1011.21
2014/10/21,1011.26
2014/10/22,1013.78
2014/10/23,1017.82
2014/10/24,1026.15
2014/10/27,1017.64
2014/10/28,1018.68
2014/10/29,1028.13
2014/10/30,1025.72
2014/10/31,1025.18
2014/11/3,1014.19
2014/11/4,1007.39
2014/11/5,986.72
2014/11/6,991.34
2014/11/7,1000.62
2014/11/10,1009.27
2014/11/11,1004.07
2014/11/12,1013.43
2014/11/13,1010.56
2014/11/14,1003.3
2014/11/17,1006.1
2014/11/18,999.53
2014/11/19,998.94
2014/11/20,998.49
2014/11/21,1001.36
2014/11/24,999.36
2014/11/25,1004.77
2014/11/26,998.41
2014/11/27,1007.78
2014/11/28,998.85
2014/12/1,980.87
2014/12/2,990.28
2014/12/3,991.19
2014/12/4,997.53
2014/12/5,998.98
2014/12/8,992.36
2014/12/9,991.22
2014/12/10,998.18
2014/12/11,995.85
2014/12/12,1001.83
2014/12/15,1004.6
2014/12/16,993.55
2014/12/17,986.82
2014/12/18,987.46
2014/12/19,991.74
2014/12/22,987.18
2014/12/23,976.47
2014/12/24,981.25
2014/12/25,981.87
2014/12/26,982.35
2014/12/29,991.35
2014/12/30,1007.9
2014/12/31,1008.5
2015/1/5,996.78
2015/1/6,1006.85
2015/1/7,1002.42
2015/1/8,1002.31
2015/1/9,997.49
2015/1/12,992.64
2015/1/13,983.47
2015/1/14,970.54
2015/1/15,976.96
2015/1/16,977.16
2015/1/19,983.76
2015/1/20,978.33
2015/1/21,985.53
2015/1/22,987.39
2015/1/23,985.76
2015/1/26,973.1
2015/1/27,981.21
2015/1/28,980.02
2015/1/29,977.37
2015/1/30,968.25
2015/2/2,978.54
2015/2/3,985.06
2015/2/4,987.18
2015/2/5,984.69
2015/2/6,995.81
2015/2/9,990.42
2015/2/10,992.02
2015/2/11,992.37
2015/2/12,990.31
2015/2/13,1002.8
2015/2/16,1006.07
2015/2/17,1003.06
2015/2/25,995.1
2015/2/26,1004.77
2015/2/27,1005.59
2015/3/2,1010.51
2015/3/3,1003.23
2015/3/4,1001.04
2015/3/5,991.12
2015/3/6,985.91
2015/3/9,984.3
2015/3/10,977.31
2015/3/11,979.67
2015/3/12,987.43
2015/3/13,985.39
2015/3/16,982.74
2015/3/17,980.24
2015/3/18,970.1
2015/3/19,974.74
2015/3/20,974.93
2015/3/23,989.86
2015/3/24,995.1177
2015/3/25,986.3
2015/3/26,989.62
2015/3/27,983.61
2015/3/30,978.13
2015/3/31,973.41
2015/4/1,974.34
2015/4/2,975.69
2015/4/3,974.09
2015/4/7,974.86
2015/4/8,971.45
2015/4/9,961.03
2015/4/10,955.71
2015/4/13,969.37
2015/4/14,966.52
2015/4/15,966.43
2015/4/16,973.09
2015/4/17,974.01
2015/4/20,972.32
2015/4/21,977.41
2015/4/22,983.15
2015/4/23,979.62
2015/4/24,991.89
2015/4/27,1007.6
2015/4/28,1007.74
2015/4/29,996.68
2015/4/30,1008.69
2015/5/4,1019.87
2015/5/5,1024.63
2015/5/6,1033.05
2015/5/7,1023.46
2015/5/8,1021.8
2015/5/11,1025.56
2015/5/12,1016.63
2015/5/13,1019.75
2015/5/14,1014.68
2015/5/15,1016.69
2015/5/18,1017.65
2015/5/19,1009.42
2015/5/20,989.52
2015/5/21,995.67
2015/5/22,998.16
2015/5/25,992.33
2015/5/26,994.38
2015/5/27,996.6
2015/5/28,1000.04
2015/5/29,1001.85
2015/6/1,1001.65
2015/6/2,1006.08
2015/6/3,995.77
2015/6/4,996.93
2015/6/5,989.48
2015/6/8,987.7
2015/6/9,987.21
2015/6/10,995.55
2015/6/11,995.63
2015/6/12,978.57
2015/6/15,975.31
2015/6/16,974.08
2015/6/17,966.19
2015/6/18,965.58
2015/6/19,967.05
2015/6/23,969.52
2015/6/24,972.94
2015/6/25,963.98
2015/6/26,965.76
2015/6/29,963.78
2015/6/30,950.07
2015/7/1,958.94
2015/7/2,962.12
2015/7/3,960.87
2015/7/6,935.91
2015/7/7,921.61
2015/7/8,883.01
2015/7/9,916.16
2015/7/10,916.28
2015/7/13,914.4
2015/7/14,915.5
2015/7/15,916.04
2015/7/16,913.42
2015/7/17,910.59
2015/7/20,915.64
2015/7/21,916.12
2015/7/22,907.49
2015/7/23,907.1
2015/7/24,895.13
2015/7/27,892.68
2015/7/28,896.08
2015/7/29,906.05
2015/7/30,900.94
2015/7/31,901.52
2015/8/3,893.27
2015/8/4,896.84
2015/8/5,899.87
2015/8/6,893.24
2015/8/7,893.22
2015/8/10,895.6
2015/8/11,907.85
2015/8/12,920.56
2015/8/13,925.28
2015/8/14,919.4
2015/8/17,913.7
2015/8/18,907.47
2015/8/19,907.05
2015/8/20,901.48
2015/8/21,904.58
2015/8/24,874.74
2015/8/25,873.55
2015/8/26,871.58
2015/8/27,883.08
2015/8/28,892.71
2015/8/31,886.91
2015/9/1,889.73
2015/9/2,887.41
2015/9/7,884.46
2015/9/8,890.34
2015/9/9,898.94
2015/9/10,905.53
2015/9/11,904.39
2015/9/14,896.62
2015/9/15,890.47
2015/9/16,898.9
2015/9/17,896.61
2015/9/18,892.7
2015/9/21,893.48
2015/9/22,886.71
2015/9/23,883.34
2015/9/24,883.29
2015/9/25,885.75
2015/9/28,875.58
2015/9/29,866.54
2015/9/30,870.64
2015/10/8,878.7
2015/10/9,894.66
2015/10/12,892.14
2015/10/13,888.57
2015/10/14,886.61
2015/10/15,887.43
2015/10/16,881.32
2015/10/19,875.83
2015/10/20,875.57
2015/10/21,871.28
2015/10/22,876.48
2015/10/23,878.27
2015/10/26,869.46
2015/10/27,868.68
2015/10/28,864.33
2015/10/29,864.67
2015/10/30,861.5
2015/11/2,860.91
2015/11/3,854.1
2015/11/4,857.96
2015/11/5,848.93
2015/11/6,848.86
2015/11/9,846.4
2015/11/10,845.9
2015/11/11,839.67
2015/11/12,841.21
2015/11/13,838.81
2015/11/16,832.29
2015/11/17,826.77
2015/11/18,822.86
2015/11/19,810.35
2015/11/20,812.6
2015/11/23,805.9
2015/11/24,818.59
2015/11/25,825.96
2015/11/26,833.65
2015/11/27,828.89
2015/11/30,821.47
2015/12/1,828.52
2015/12/2,832.97
2015/12/3,824.3
2015/12/4,825.02
2015/12/7,837.33
2015/12/8,821.58
2015/12/9,821.6
2015/12/10,817.81
2015/12/11,828.87
2015/12/14,831.13
2015/12/15,826.63
2015/12/16,829.58
2015/12/17,826.35
2015/12/18,838.05
2015/12/21,854.88
2015/12/22,853.47
2015/12/23,850.01
2015/12/24,849.33
2015/12/25,851.48
2015/12/28,843.91
2015/12/29,856.72
2015/12/30,861.04
2015/12/31,862.03
2016/1/4,851.96
2016/1/5,857.46
2016/1/6,849.22
2016/1/7,849.41
2016/1/8,847.98
2016/1/11,838.24
2016/1/12,829.26
2016/1/13,831.26
2016/1/14,836.13
2016/1/15,835.54
2016/1/18,850.76
2016/1/19,858.15
2016/1/20,850.83
2016/1/21,848.37
2016/1/22,856.74
2016/1/25,854.85
2016/1/26,857.75
2016/1/27,867.8
2016/1/28,859.03
2016/1/29,857.56
2016/2/1,859.25
2016/2/2,861.98
2016/2/3,863.57
2016/2/4,875.04
2016/2/5,871.02
2016/2/15,875.24
2016/2/16,876.21
2016/2/17,872.68
2016/2/18,876.51
2016/2/19,885.56
2016/2/22,897.99
2016/2/23,895.89
2016/2/24,895.68
2016/2/25,894.21
2016/2/26,889.85
2016/2/29,890.15
2016/3/1,897.4
2016/3/2,902.51
2016/3/3,903.72
2016/3/4,918.98
2016/3/7,937.13
2016/3/8,942.69
2016/3/9,930.78
2016/3/10,928.85
2016/3/11,932.07
2016/3/14,928.69
2016/3/15,920.88
2016/3/16,928.42
2016/3/17,943.82
2016/3/18,956.04
2016/3/21,955.66
2016/3/22,956.86
2016/3/23,953.97
2016/3/24,939.12
2016/3/25,949.93
2016/3/28,941.22
2016/3/29,940.78
2016/3/30,938.01
2016/3/31,939.03
2016/4/1,950.23
2016/4/5,949.64
2016/4/6,943.2
2016/4/7,944.2
2016/4/8,941.01
2016/4/11,959.82
2016/4/12,977.43
2016/4/13,991.36
2016/4/14,992.86
2016/4/15,981.57
2016/4/18,1001.5
2016/4/19,1016.96
2016/4/20,1042.37
2016/4/21,1073.21
2016/4/22,1053.88
2016/4/25,1066.34
2016/4/26,1057.16
2016/4/27,1047.1
2016/4/28,1038.48
2016/4/29,1054.23
2016/5/3,1046.39
2016/5/4,1032.98
2016/5/5,1017.08
2016/5/6,1006.65
2016/5/9,982.43
2016/5/10,983.53
2016/5/11,989.05
2016/5/12,985.37
2016/5/13,962.99
2016/5/16,967.58
2016/5/17,986.19
2016/5/18,971.35
2016/5/19,965.71
2016/5/20,972.79
2016/5/23,943.57
2016/5/24,934.07
2016/5/25,931.17
2016/5/26,951.68
2016/5/27,954.18
2016/5/30,957.41
2016/5/31,954.7
2016/6/1,953.7402
2016/6/2,955.1075
2016/6/3,963.6838
2016/6/6,977.5743
2016/6/7,987.3741
2016/6/8,984.169
2016/6/13,997.0829
2016/6/14,991.5359
2016/6/15,981.0002
2016/6/16,987.7943
2016/6/17,985.4752
2016/6/20,998.9321
2016/6/21,1002.3126
2016/6/22,1004.6035
2016/6/23,1013.5774
2016/6/24,1009.3736
2016/6/27,1045.4253
2016/6/28,1058.2241
2016/6/29,1056.315
2016/6/30,1074.3693
2016/7/1,1076.3638
2016/7/4,1110.3386
2016/7/5,1097.3091
2016/7/6,1079.1108
2016/7/7,1069.8664
2016/7/8,1058.2239
2016/7/11,1069.37
2016/7/12,1093.72
2016/7/13,1100.92
2016/7/14,1105.99
2016/7/15,1102.99
2016/7/18,1074.04
2016/7/19,1073.83
2016/7/20,1072.24
2016/7/21,1090.45
2016/7/22,1073.49
2016/7/25,1077.7
2016/7/26,1076.75
2016/7/27,1085.16
2016/7/28,1095.87
2016/7/29,1079.34
2016/8/1,1104.47
2016/8/2,1104.17
2016/8/3,1103.02
2016/8/4,1094.06
2016/8/5,1110.96
2016/8/8,1118.12
2016/8/9,1114.43
2016/8/10,1114.51
2016/8/11,1108.23
2016/8/12,1113.84
2016/8/15,1111.95
2016/8/16,1124.42
2016/8/17,1118.96
2016/8/18,1122.48
2016/8/19,1124.31
2016/8/22,1113.83
2016/8/23,1122.14
2016/8/24,1118.52
2016/8/25,1105.53
2016/8/26,1097.47
2016/8/29,1089.24
2016/8/30,1085.35
2016/8/31,1074.25
2016/9/1,1080.75
2016/9/2,1086.11
2016/9/5,1094.58
2016/9/6,1101.58
2016/9/7,1091.64
2016/9/8,1094.59
2016/9/9,1091.54
2016/9/12,1070.73
2016/9/13,1071.29
2016/9/14,1068.6
2016/9/19,1082
2016/9/20,1092.13
2016/9/21,1095.7
2016/9/22,1100.5
2016/9/23,1105.83
2016/9/26,1106.38
2016/9/27,1101.83
2016/9/28,1102.59
2016/9/29,1106.71
2016/9/30,1103.13
2016/10/10,1112.35
2016/10/11,1127.03
2016/10/12,1127.94
2016/10/13,1121.48
2016/10/14,1131.7
2016/10/17,1141.73
2016/10/18,1149.09
2016/10/19,1144.15
2016/10/20,1151.94
2016/10/21,1150.11
2016/10/24,1163.66
2016/10/25,1184.21
2016/10/26,1185.64
2016/10/27,1184.3
2016/10/28,1203.37
2016/10/31,1214.09
2016/11/1,1212.34
2016/11/2,1199.58
2016/11/3,1212.63
2016/11/4,1211.46
2016/11/7,1244.07
2016/11/8,1251.07
2016/11/9,1287.1
2016/11/10,1314.56
2016/11/11,1350.79
2016/11/14,1304.38
2016/11/15,1278.5
2016/11/16,1296.56
2016/11/17,1290.97
2016/11/18,1276.93
2016/11/21,1297.42
2016/11/22,1334.55
2016/11/23,1335.5
2016/11/24,1345.45
2016/11/25,1360.06
2016/11/28,1390.78
2016/11/29,1349.35
2016/11/30,1322.69
2016/12/1,1349.13
2016/12/2,1338.85
2016/12/5,1365.54
2016/12/6,1367.66
2016/12/7,1404.35
2016/12/8,1391.56
2016/12/9,1388.15
2016/12/12,1401.86
2016/12/13,1415.35
2016/12/14,1398.38
2016/12/15,1401.72
2016/12/16,1384.04
2016/12/19,1360
2016/12/20,1341.94
2016/12/21,1348.07
2016/12/22,1314.22
2016/12/23,1314.46
2016/12/26,1293.15
2016/12/27,1311.55
2016/12/28,1316.42
2016/12/29,1321.85
2016/12/30,1304.58
2017/1/3,1292.61
2017/1/4,1299.11
2017/1/5,1300.71
2017/1/6,1290.73
2017/1/9,1322.41
2017/1/10,1343.68
2017/1/11,1353.61
2017/1/12,1361.66
2017/1/13,1367.51
2017/1/16,1410.21
2017/1/17,1384.39
2017/1/18,1387.32
2017/1/19,1384.73
2017/1/20,1360.74
